{
    "n_vertices_expanded": {
        "0": 77
    },
    "n_vertices_visited": {
        "0": 2093
    },
    "time_wall_clock": 29.974061489105225,
    "n_gcs_solves": 3219,
    "gcs_solve_time_total": 1.1386921405792236,
    "gcs_solve_time_iter_mean": 0.0003537409569988269,
    "gcs_solve_time_last_10_mean": 0.0009724378585815429,
    "gcs_solve_time_iter_std": 0.0003189515367018157,
    "gcs_solve_time_iter_min": 3.3855438232421875e-05,
    "gcs_solve_time_iter_max": 0.0013289451599121094,
    "n_vertices_reexpanded": {
        "0": 0
    },
    "n_vertices_revisited": {
        "0": 282
    },
    "n_Q": 476,
    "n_S": 553,
    "n_S_pruned": 276,
    "method_times": {
        "_generate_neighbors": 20.652557611465454,
        "_save_metrics": 0.15097999572753906,
        "_is_dominated": 2.5069239139556885,
        "_visit_neighbor": 9.126467943191528,
        "_run_iteration": 29.973888158798218,
        "_maybe_add_set_samples": 0.08992147445678711,
        "project_single_gcs": 0.29302024841308594,
        "project_all_gcs": 0.0
    },
    "method_counts": {
        "_generate_neighbors": 77,
        "_save_metrics": 78,
        "_is_dominated": 828,
        "_visit_neighbor": 2375,
        "_run_iteration": 78,
        "_maybe_add_set_samples": 281,
        "project_single_gcs": 281
    },
    "expansion_order": []
}