{
    "n_vertices_expanded": {
        "0": 477
    },
    "n_vertices_visited": {
        "0": 3969
    },
    "time_wall_clock": 285.3937931060791,
    "n_gcs_solves": 107380,
    "gcs_solve_time_total": 26.95631432533264,
    "gcs_solve_time_iter_mean": 0.000251036639274843,
    "gcs_solve_time_last_10_mean": 0.00026509761810302737,
    "gcs_solve_time_iter_std": 0.00013776241914646546,
    "gcs_solve_time_iter_min": 2.193450927734375e-05,
    "gcs_solve_time_iter_max": 0.0007638931274414062,
    "n_vertices_reexpanded": {
        "0": 1700
    },
    "n_vertices_revisited": {
        "0": 22546
    },
    "n_Q": 897,
    "n_S": 3074,
    "n_S_pruned": 13363,
    "method_times": {
        "_generate_neighbors": 4.554288864135742,
        "_save_metrics": 1.6099679470062256,
        "_is_dominated": 197.7929494380951,
        "_visit_neighbor": 277.2984402179718,
        "_run_iteration": 285.3883306980133,
        "_maybe_add_set_samples": 0.1810610294342041,
        "project_single_gcs": 10.92798638343811,
        "project_all_gcs": 0.0
    },
    "method_counts": {
        "_generate_neighbors": 477,
        "_save_metrics": 2178,
        "_is_dominated": 16436,
        "_visit_neighbor": 26515,
        "_run_iteration": 2178,
        "_maybe_add_set_samples": 15846,
        "project_single_gcs": 15846
    },
    "expansion_order": []
}