{
    "n_vertices_expanded": {
        "0": 448
    },
    "n_vertices_visited": {
        "0": 4105
    },
    "time_wall_clock": 248.68028688430786,
    "n_gcs_solves": 100536,
    "gcs_solve_time_total": 24.38788938522339,
    "gcs_solve_time_iter_mean": 0.00024257867216940588,
    "gcs_solve_time_last_10_mean": 0.00036029815673828126,
    "gcs_solve_time_iter_std": 0.00013541151976624084,
    "gcs_solve_time_iter_min": 2.09808349609375e-05,
    "gcs_solve_time_iter_max": 0.0009090900421142578,
    "n_vertices_reexpanded": {
        "0": 1613
    },
    "n_vertices_revisited": {
        "0": 20831
    },
    "n_Q": 909,
    "n_S": 2970,
    "n_S_pruned": 12319,
    "method_times": {
        "_generate_neighbors": 4.374614000320435,
        "_save_metrics": 1.1773130893707275,
        "_is_dominated": 171.4853594303131,
        "_visit_neighbor": 241.52289700508118,
        "_run_iteration": 248.67536401748657,
        "_maybe_add_set_samples": 0.17513418197631836,
        "project_single_gcs": 9.694908380508423,
        "project_all_gcs": 0.0
    },
    "method_counts": {
        "_generate_neighbors": 448,
        "_save_metrics": 2062,
        "_is_dominated": 15288,
        "_visit_neighbor": 24936,
        "_run_iteration": 2062,
        "_maybe_add_set_samples": 14708,
        "project_single_gcs": 14708
    },
    "expansion_order": []
}